Proximity,City,Year,Last,First
Coastal,Erie Airport,1963,144,329
Coastal,Painesville,2016,104,328
Coastal,North East,2016,118,328
Coastal,Painesville,2015,94,327
Coastal,North East,1994,112,327
Coastal,Erie Airport,1994,113,327
Coastal,Sandusky,1998,83,326
Coastal,Painesville,1958,100,326
Coastal,Painesville,1998,101,326
Coastal,Sandusky,2015,114,326
Coastal,Erie Airport,2015,118,326
Coastal,Sandusky,1985,99,325
Coastal,Sandusky,2016,101,325
Coastal,Painesville,1964,116,324
Coastal,Sandusky,2007,100,323
Coastal,Painesville,2005,93,321
Coastal,North East,2005,104,321
Coastal,Sandusky,1970,101,320
Coastal,Sandusky,2000,101,320
Coastal,Erie Airport,2005,104,320
Coastal,Painesville,2000,104,320
Coastal,North East,1999,115,320
Coastal,Erie Airport,1999,115,320
Coastal,Buffalo,2005,119,320
Coastal,Sandusky,2004,119,320
Coastal,Painesville,1970,127,320
Coastal,Sandusky,1968,98,318
Coastal,Sandusky,1956,100,318
Coastal,Erie Airport,1969,121,318
Coastal,Erie Airport,2016,105,317
Coastal,Sandusky,2014,106,317
Coastal,Sandusky,2001,107,317
Coastal,North East,2014,114,317
Coastal,Erie Airport,2014,114,317
Coastal,Painesville,2014,114,317
Coastal,Painesville,1963,144,317
Coastal,Painesville,1997,110,316
Coastal,Painesville,2009,113,316
Coastal,Sandusky,2005,115,316
Coastal,Cleveland,1977,128,316
Coastal,North East,1963,144,316
Coastal,North East,2007,105,315
Coastal,Painesville,2004,106,315
Coastal,Sandusky,1990,109,315
Coastal,Painesville,1994,113,315
Coastal,Cleveland,2005,114,315
Inland,Akron,1977,119,315
Coastal,Painesville,1977,119,315
Coastal,Cleveland,1994,122,315
Coastal,Painesville,1956,146,315
Coastal,Sandusky,2017,82,314
Coastal,Painesville,2017,82,314
Coastal,North East,2017,97,314
Coastal,North East,1996,99,314
Coastal,Erie Airport,1950,112,314
Coastal,Painesville,1950,112,314
Coastal,North East,2004,119,314
Coastal,North East,2018,120,314
Coastal,Erie Airport,2004,125,314
Coastal,Cleveland,2004,125,314
Inland,Franklin,2004,127,314
Coastal,Painesville,1990,103,313
Coastal,Painesville,2003,117,313
Coastal,Buffalo,2004,119,313
Coastal,North East,1961,125,313
Inland,Jamestown,2004,126,313
Coastal,Erie Airport,2017,129,313
Coastal,Sandusky,2012,87,312
Coastal,Cleveland,2017,98,312
Coastal,Erie Airport,1992,106,312
Coastal,Painesville,1992,106,312
Coastal,North East,2003,114,312
Coastal,Erie Airport,2003,117,312
Coastal,Cleveland,2003,117,312
Coastal,Erie Airport,1960,120,312
Coastal,Erie Airport,1961,122,312
Coastal,Painesville,1961,125,312
Inland,Akron,1970,127,312
Coastal,North East,1970,127,312
Coastal,Erie Airport,1970,127,312
Coastal,Cleveland,1970,127,312
Coastal,Cleveland,1985,129,312
Coastal,Sandusky,2011,90,311
Coastal,Buffalo,2017,98,311
Coastal,Sandusky,2003,99,311
Inland,Akron,1994,113,311
Coastal,Buffalo,1971,114,311
Coastal,Erie Airport,1971,117,311
Coastal,North East,1960,120,311
Coastal,North East,2012,120,311
Coastal,Erie Airport,2012,120,311
Coastal,Cleveland,1958,120,311
Coastal,Cleveland,2012,120,311
Coastal,Sandusky,1958,120,311
Coastal,Painesville,2012,120,311
Inland,Akron,1961,147,311
Coastal,Sandusky,2009,97,310
Coastal,Painesville,1973,104,310
Coastal,Sandusky,1973,105,310
Coastal,Sandusky,1953,111,310
Coastal,North East,1973,115,310
Coastal,Erie Airport,1973,115,310
Coastal,Painesville,2001,119,310
Coastal,Erie Airport,1997,127,310
Inland,Warren (PA),1973,139,310
Inland,Franklin,1973,140,310
Coastal,Buffalo,1973,105,309
Coastal,Painesville,1953,111,309
Coastal,Cleveland,1950,112,309
Coastal,Sandusky,1950,112,309
Coastal,Buffalo,1953,119,309
Coastal,Cleveland,1971,124,309
Inland,Warren (PA),2004,126,309
Inland,Akron,1950,128,309
Coastal,Painesville,1971,136,309
Inland,Warren (PA),1971,143,309
Coastal,Sandusky,1971,96,308
Coastal,Sandusky,1995,96,308
Coastal,Erie Airport,1955,98,308
Coastal,Erie Airport,1984,102,308
Inland,Akron,1973,104,308
Coastal,Painesville,2007,105,308
Coastal,Sandusky,1961,106,308
Coastal,Painesville,1996,106,308
Coastal,Sandusky,1984,110,308
Coastal,Painesville,2013,112,308
Coastal,North East,1984,113,308
Coastal,Erie Airport,1989,114,308
Coastal,Erie Airport,1996,115,308
Coastal,Sandusky,1999,115,308
Coastal,Painesville,1995,115,308
Coastal,Painesville,1999,115,308
Coastal,Cleveland,1995,116,308
Coastal,Cleveland,1973,119,308
Coastal,Erie Airport,1979,122,308
Inland,Franklin,1971,123,308
Inland,Akron,1971,124,308
Coastal,North East,1971,125,308
Coastal,Sandusky,1989,127,308
Inland,Warren (PA),1984,138,308
Coastal,Erie Airport,1967,143,308
Coastal,Cleveland,1961,150,308
Coastal,Cleveland,1955,98,307
Coastal,Painesville,1955,98,307
Coastal,North East,1991,102,307
Coastal,Erie Airport,1991,102,307
Coastal,Painesville,1991,102,307
Coastal,Erie Airport,1995,106,307
Coastal,Buffalo,1995,107,307
Coastal,Erie Airport,2007,110,307
Coastal,Painesville,1951,111,307
Coastal,Sandusky,1986,113,307
Coastal,Painesville,1984,113,307
Coastal,North East,1986,114,307
Coastal,North East,1989,114,307
Inland,Akron,1995,115,307
Coastal,North East,1995,115,307
Coastal,Painesville,2006,116,307
Coastal,Sandusky,1963,120,307
Coastal,Buffalo,1989,127,307
Inland,Akron,1984,137,307
Coastal,Cleveland,1984,137,307
Coastal,Cleveland,1963,144,307
Coastal,Sandusky,2002,97,306
Coastal,Painesville,2010,100,306
Coastal,Sandusky,2010,101,306
Inland,Akron,2014,106,306
Coastal,Cleveland,2009,107,306
Coastal,Sandusky,1951,108,306
Coastal,Cleveland,1951,110,306
Coastal,Buffalo,2014,114,306
Coastal,Cleveland,2006,116,306
Coastal,Sandusky,1993,118,306
Coastal,Buffalo,1996,119,306
Inland,Akron,1963,122,306
Coastal,Erie Airport,2006,143,306
Coastal,Sandusky,2006,81,305
Coastal,Buffalo,2010,90,305
Coastal,North East,1954,99,305
Coastal,Sandusky,1954,99,305
Coastal,Cleveland,2010,109,305
Coastal,Erie Airport,1951,111,305
Coastal,North East,2010,113,305
Coastal,North East,2000,117,305
Inland,Akron,2010,118,305
Coastal,Buffalo,2016,118,305
Coastal,Sandusky,1996,118,305
Coastal,Buffalo,1968,119,305
Coastal,Painesville,1968,119,305
Inland,Akron,1968,127,305
Coastal,North East,1968,128,305
Coastal,Erie Airport,1968,128,305
Inland,Franklin,2017,129,305
Inland,Jamestown,2017,130,305
Coastal,Erie Airport,2010,130,305
Inland,Akron,1996,135,305
Coastal,Cleveland,1996,135,305
Inland,Franklin,1984,138,305
Coastal,Cleveland,2002,100,304
Coastal,Painesville,2002,100,304
Coastal,Erie Airport,1998,101,304
Coastal,Sandusky,1975,105,304
Coastal,Sandusky,2008,106,304
Coastal,Buffalo,1988,113,304
Coastal,Painesville,1980,115,304
Coastal,North East,1988,116,304
Coastal,Erie Airport,1988,116,304
Coastal,Painesville,1975,117,304
Inland,Warsaw,1998,118,304
Coastal,North East,1998,118,304
Coastal,Cleveland,1998,118,304
Coastal,Erie Airport,2000,119,304
Coastal,Cleveland,1968,128,304
Coastal,Buffalo,1949,131,304
Coastal,Cleveland,1954,99,303
Coastal,Painesville,1954,99,303
Coastal,Buffalo,2000,104,303
Coastal,Sandusky,1983,111,303
Coastal,Buffalo,1975,112,303
Coastal,North East,1975,118,303
Coastal,Buffalo,1998,118,303
Coastal,Cleveland,2000,118,303
Inland,Warren (PA),1998,119,303
Inland,Franklin,1998,119,303
Inland,Franklin,2005,126,303
Inland,Akron,1983,130,303
Coastal,North East,1983,130,303
Coastal,Cleveland,1983,130,303
Coastal,Painesville,1983,130,303
Coastal,Erie Airport,1954,141,303
Coastal,Sandusky,1959,88,302
Coastal,Painesville,2011,91,302
Coastal,Cleveland,2011,93,302
Coastal,Painesville,1985,100,302
Coastal,Cleveland,2007,104,302
Inland,Akron,1985,107,302
Coastal,Erie Airport,1985,107,302
Coastal,Buffalo,2007,109,302
Inland,Warren (PA),2007,111,302
Inland,Franklin,2007,111,302
Coastal,North East,2013,111,302
Coastal,Erie Airport,2013,111,302
Coastal,Painesville,1959,112,302
Coastal,Painesville,1965,112,302
Coastal,Sandusky,1978,113,302
Coastal,Painesville,1967,114,302
Coastal,Cleveland,2013,116,302
Coastal,Buffalo,1967,118,302
Coastal,North East,1965,119,302
Coastal,North East,1985,119,302
Coastal,Cleveland,1978,123,302
Coastal,Erie Airport,1983,130,302
Inland,Jamestown,2007,134,302
Coastal,North East,1959,136,302
Inland,Warsaw,2007,138,302
Inland,Warren (OH),1981,140,302
Coastal,Cleveland,1957,105,301
Inland,Akron,2007,106,301
Coastal,North East,2011,108,301
Coastal,Buffalo,1951,111,301
Coastal,Buffalo,2013,111,301
Inland,Warsaw,2011,113,301
Coastal,Erie Airport,1959,113,301
Coastal,Painesville,1988,113,301
Coastal,Erie Airport,1965,115,301
Coastal,Erie Airport,2011,120,301
Inland,Franklin,2011,125,301
Inland,Warren (PA),2005,126,301
Inland,Warren (PA),2014,126,301
Coastal,Erie Airport,1976,129,301
Inland,Franklin,1994,134,301
Inland,Warren (PA),2013,135,301
Inland,Warren (OH),2007,135,301
Inland,Akron,2011,96,300
Coastal,Sandusky,1957,105,300
Coastal,Sandusky,1949,107,300
Coastal,Sandusky,1988,107,300
Coastal,North East,1990,108,300
Coastal,Erie Airport,1990,108,300
Coastal,Cleveland,1990,109,300
Coastal,Painesville,1979,109,300
Coastal,Painesville,1960,110,300
Coastal,Buffalo,2011,112,300
Coastal,Cleveland,1949,115,300
Coastal,Sandusky,1967,115,300
Coastal,Erie Airport,1975,118,300
Coastal,North East,1979,123,300
Inland,Akron,2005,124,300
Inland,Franklin,1979,125,300
Coastal,Cleveland,1979,125,300
Coastal,Painesville,1957,126,300
Inland,Franklin,2014,127,300
Coastal,Sandusky,1966,130,300
Inland,Akron,1966,131,300
Inland,Warren (PA),2016,137,300
Inland,Franklin,2016,137,300
Inland,Warsaw,2016,137,300
Inland,Franklin,1983,139,300
Coastal,Buffalo,1987,94,299
Inland,Akron,2017,98,299
Coastal,Painesville,1987,99,299
Coastal,Sandusky,1960,102,299
Coastal,Painesville,1952,103,299
Coastal,North East,1997,110,299
Inland,Akron,1979,125,299
Coastal,Erie Airport,1987,125,299
Coastal,Buffalo,1950,128,299
Inland,Franklin,1950,129,299
Inland,Akron,1949,131,299
Coastal,Erie Airport,1966,131,299
Coastal,Painesville,1966,131,299
Inland,Franklin,2013,134,299
Coastal,North East,1957,137,299
Inland,Jamestown,1983,138,299
Inland,Jamestown,1984,138,299
Inland,Akron,1955,98,298
Coastal,Buffalo,1955,98,298
Coastal,Sandusky,1955,98,298
Coastal,Cleveland,1965,109,298
Inland,Akron,1960,110,298
Coastal,Erie Airport,1962,110,298
Coastal,Buffalo,1960,110,298
Coastal,Sandusky,2013,110,298
Coastal,Painesville,1962,111,298
Inland,Warren (OH),1998,119,298
Inland,Franklin,1962,130,298
Coastal,North East,1962,130,298
Coastal,Cleveland,1966,130,298
Inland,Franklin,1949,132,298
Coastal,Erie Airport,2002,140,298
Inland,Akron,2013,145,298
Inland,Jamestown,2013,146,298
Inland,Jamestown,1949,150,298
Coastal,Erie Airport,2008,106,297
Coastal,Sandusky,1982,106,297
Coastal,Sandusky,1962,107,297
Inland,Akron,1962,111,297
Inland,Warren (OH),1962,114,297
Coastal,North East,2002,114,297
Coastal,Cleveland,1962,114,297
Coastal,Buffalo,1982,119,297
Coastal,North East,1980,121,297
Coastal,Painesville,1969,121,297
Coastal,North East,1981,123,297
Coastal,Buffalo,2002,124,297
Coastal,Buffalo,1962,130,297
Inland,Warsaw,2013,134,297
Inland,Warren (OH),2013,135,297
Coastal,Erie Airport,1980,137,297
Inland,Titusville,2005,138,297
Coastal,Erie Airport,1981,140,297
Inland,Warren (PA),2002,143,297
Inland,Titusville,2013,147,297
Coastal,North East,1955,98,296
Coastal,Sandusky,1976,104,296
Coastal,Cleveland,1960,110,296
Coastal,Cleveland,1997,110,296
Coastal,Sandusky,1997,110,296
Coastal,Cleveland,1982,113,296
Inland,Franklin,1989,115,296
Inland,Akron,1998,118,296
Inland,Jamestown,1998,119,296
Coastal,North East,1982,119,296
Coastal,Erie Airport,1982,119,296
Coastal,Buffalo,1961,120,296
Coastal,North East,1969,121,296
Inland,Franklin,1960,123,296
Inland,Warren (OH),2011,126,296
Inland,Warren (PA),1989,130,296
Inland,Warren (PA),2010,131,296
Coastal,Sandusky,1969,131,296
Coastal,Cleveland,1976,133,296
Inland,Titusville,2011,136,296
Inland,Titusville,1998,155,296
Coastal,Sandusky,1987,94,295
Coastal,Sandusky,1952,102,295
Coastal,Buffalo,1948,109,295
Coastal,Cleveland,1967,118,295
Coastal,Buffalo,1969,121,295
Coastal,North East,1987,125,295
Inland,Warren (OH),1955,129,295
Inland,Warsaw,2010,131,295
Inland,Warren (PA),1955,138,295
Inland,Franklin,1955,138,295
Coastal,Sandusky,1972,101,294
Coastal,Sandusky,1974,101,294
Coastal,Sandusky,1992,105,294
Inland,Akron,1997,110,294
Coastal,Buffalo,1959,112,294
Coastal,Cleveland,1999,115,294
Coastal,Painesville,1972,119,294
Coastal,Erie Airport,1952,124,294
Coastal,North East,1992,127,294
Coastal,North East,1952,130,294
Inland,Franklin,2010,131,294
Inland,Jamestown,2010,133,294
Coastal,Sandusky,1991,93,293
Coastal,Painesville,1976,103,293
Coastal,Cleveland,1992,104,293
Inland,Akron,2008,106,293
Coastal,Cleveland,2008,106,293
Coastal,Painesville,2008,106,293
Inland,Akron,1990,108,293
Coastal,Buffalo,1990,108,293
Inland,Franklin,1990,110,293
Coastal,North East,2008,121,293
Coastal,Buffalo,2008,121,293
Inland,Jamestown,2005,125,293
Inland,Warren (OH),2005,126,293
Inland,Akron,1957,126,293
Inland,Titusville,1990,132,293
Inland,Warren (PA),1990,132,293
Inland,Warsaw,1990,132,293
Inland,Warsaw,2005,133,293
Inland,Akron,1967,143,293
Inland,Jamestown,1990,156,293
Coastal,Sandusky,1948,101,292
Coastal,Buffalo,1952,107,292
Inland,Franklin,2008,108,292
Coastal,Cleveland,1948,109,292
Coastal,Cleveland,1959,113,292
Coastal,Erie Airport,1986,114,292
Coastal,Painesville,1986,114,292
Coastal,Buffalo,2015,115,292
Coastal,North East,2015,116,292
Coastal,Buffalo,1976,117,292
Inland,Franklin,1992,121,292
Coastal,Cleveland,1986,124,292
Inland,Franklin,1976,134,292
Inland,Warren (PA),2015,143,292
Inland,Warren (OH),2015,144,292
Inland,Warren (OH),1990,156,292
Inland,Akron,1972,163,292
Coastal,Painesville,1982,105,291
Inland,Akron,1992,106,291
Coastal,Buffalo,1997,111,291
Coastal,Sandusky,1981,111,291
Inland,Warren (PA),2011,112,291
Inland,Akron,2015,114,291
Coastal,Cleveland,2015,114,291
Inland,Franklin,2015,116,291
Inland,Franklin,1982,120,291
Coastal,Cleveland,1969,121,291
Inland,Akron,2004,125,291
Inland,Warren (PA),1995,129,291
Inland,Warren (PA),1962,130,291
Inland,Warren (PA),2017,130,291
Inland,Warren (OH),1966,131,291
Coastal,North East,1966,131,291
Coastal,Buffalo,1966,131,291
Inland,Akron,1976,133,291
Inland,Akron,1959,136,291
Coastal,North East,2009,138,291
Coastal,Erie Airport,2009,138,291
Inland,Jamestown,2015,143,291
Inland,Titusville,2015,146,291
Coastal,Buffalo,1985,107,290
Coastal,Painesville,1981,111,290
Inland,Akron,1982,112,290
Coastal,Cleveland,1981,116,290
Inland,Warren (PA),1982,120,290
Inland,Akron,1978,123,290
Coastal,Erie Airport,1978,123,290
Coastal,Painesville,1978,123,290
Inland,Franklin,1978,124,290
Inland,Franklin,1970,125,290
Inland,Warren (PA),1970,127,290
Inland,Franklin,1995,128,290
Inland,Warsaw,1995,128,290
Inland,Franklin,1985,129,290
Inland,Warsaw,2017,129,290
Inland,Franklin,1997,132,290
Inland,Jamestown,1970,138,290
Inland,Titusville,1970,139,290
Inland,Warren (PA),1997,139,290
Inland,Jamestown,1985,139,290
Inland,Franklin,1981,140,290
Inland,Warsaw,2015,143,290
Inland,Franklin,1961,150,290
Coastal,Cleveland,1991,101,289
Inland,Akron,1991,102,289
Coastal,North East,1978,124,289
Coastal,Buffalo,1978,124,289
Coastal,Buffalo,1970,127,289
Inland,Warren (PA),1950,129,289
Coastal,North East,1949,131,289
Coastal,Erie Airport,1949,131,289
Coastal,North East,1950,132,289
Inland,Titusville,1973,139,289
Inland,Jamestown,1950,169,289
Inland,Franklin,1969,121,288
Inland,Akron,1969,121,288
Inland,Warsaw,2006,128,288
Inland,Franklin,1980,131,288
Inland,Jamestown,2016,138,288
Inland,Warren (OH),1983,138,288
Inland,Warren (OH),2016,139,288
Inland,Jamestown,1997,143,288
Inland,Warren (OH),1997,143,288
Inland,Franklin,2002,145,288
Inland,Warren (PA),1969,147,288
Inland,Warsaw,1969,147,288
Coastal,Sandusky,1979,100,287
Inland,Franklin,1991,103,287
Coastal,Sandusky,1980,109,287
Coastal,Cleveland,1988,111,287
Coastal,Buffalo,1977,119,287
Coastal,Sandusky,1977,119,287
Inland,Warren (PA),1991,124,287
Inland,Franklin,1977,128,287
Coastal,Erie Airport,1977,128,287
Inland,Franklin,1987,129,287
Coastal,North East,1977,130,287
Inland,Warren (OH),2010,131,287
Inland,Titusville,2007,134,287
Inland,Jamestown,1977,135,287
Inland,Franklin,2009,139,287
Inland,Jamestown,2009,140,287
Inland,Akron,2002,141,287
Inland,Warren (PA),2006,143,287
Inland,Warren (OH),1977,158,287
Inland,Warren (PA),1977,159,287
Coastal,Cleveland,1987,99,286
Inland,Akron,1988,111,286
Coastal,Buffalo,1981,112,286
Inland,Akron,2006,116,286
Inland,Franklin,1988,118,286
Coastal,Buffalo,2012,120,286
Inland,Warren (PA),1988,125,286
Coastal,North East,1951,126,286
Inland,Titusville,2010,131,286
Inland,Warren (PA),1996,136,286
Inland,Jamestown,1996,136,286
Inland,Franklin,1996,136,286
Inland,Warren (OH),1996,136,286
Inland,Warren (PA),1967,143,286
Inland,Jamestown,2006,143,286
Inland,Franklin,1967,143,286
Inland,Franklin,2006,143,286
Inland,Warren (OH),1967,143,286
Inland,Titusville,2006,144,286
Inland,Warren (OH),2006,144,286
Inland,Akron,1987,99,285
Coastal,Sandusky,1964,101,285
Coastal,Erie Airport,1964,102,285
Inland,Franklin,1964,103,285
Coastal,Buffalo,2009,103,285
Coastal,Cleveland,2014,106,285
Coastal,Cleveland,1956,114,285
Coastal,Buffalo,2006,116,285
Inland,Akron,2012,120,285
Inland,Warsaw,2014,125,285
Inland,Warren (OH),2014,125,285
Inland,Jamestown,2014,126,285
Inland,Warren (PA),1994,134,285
Coastal,Erie Airport,1957,137,285
Inland,Titusville,2016,138,285
Inland,Warsaw,2009,138,285
Coastal,Buffalo,1956,138,285
Inland,Warren (PA),2009,139,285
Inland,Jamestown,1971,143,285
Coastal,North East,1976,145,285
Coastal,North East,1956,146,285
Coastal,Erie Airport,1956,146,285
Inland,Akron,2009,106,284
Coastal,Buffalo,1980,108,284
Coastal,Buffalo,1994,112,284
Coastal,North East,1993,117,284
Coastal,Erie Airport,1993,117,284
Coastal,Cleveland,1993,117,284
Coastal,Painesville,1993,117,284
Inland,Warren (PA),1993,118,284
Coastal,Buffalo,1972,118,284
Inland,Franklin,1993,119,284
Inland,Warren (PA),2000,120,284
Coastal,Buffalo,1986,123,284
Inland,Warsaw,1977,130,284
Inland,Warren (PA),1972,133,284
Coastal,North East,1972,133,284
Inland,Jamestown,1979,137,284
Inland,Warren (OH),1979,137,284
Inland,Titusville,2009,139,284
Inland,Warren (OH),2009,140,284
Inland,Jamestown,1993,141,284
Inland,Jamestown,1956,146,284
Inland,Franklin,1956,146,284
Inland,Warren (OH),1956,146,284
Inland,Warren (PA),1956,147,284
Inland,Jamestown,1972,163,284
Coastal,Erie Airport,1972,163,284
Coastal,Cleveland,1972,163,284
Inland,Warren (PA),1980,164,284
Coastal,Painesville,1989,114,283
Coastal,Buffalo,1993,117,283
Inland,Akron,2000,118,283
Inland,Franklin,2012,121,283
Inland,Warsaw,2012,121,283
Inland,Warren (PA),2012,122,283
Inland,Akron,1986,123,283
Inland,Warren (OH),1986,124,283
Inland,Warren (PA),1986,125,283
Inland,Franklin,1986,125,283
Coastal,Buffalo,1979,125,283
Inland,Titusville,2012,132,283
Inland,Franklin,1972,132,283
Coastal,Buffalo,1983,137,283
Inland,Titusville,2014,140,283
Inland,Titusville,1986,154,283
Inland,Warren (OH),1972,163,283
Inland,Akron,1951,113,282
Inland,Akron,1989,114,282
Coastal,Cleveland,1989,114,282
Inland,Franklin,2000,120,282
Inland,Warren (OH),2012,121,282
Coastal,Cleveland,1952,124,282
Inland,Warren (OH),1987,126,282
Inland,Jamestown,1987,128,282
Inland,Warsaw,1989,129,282
Inland,Jamestown,1981,140,282
Inland,Warren (PA),1981,141,282
Inland,Titusville,1988,147,282
Inland,Warren (OH),1969,147,282
Coastal,Cleveland,1964,102,281
Inland,Akron,1953,111,281
Coastal,Cleveland,1953,111,281
Inland,Franklin,1953,112,281
Inland,Jamestown,1953,114,281
Inland,Warren (OH),1953,114,281
Coastal,Erie Airport,1953,114,281
Coastal,North East,2001,115,281
Inland,Warren (PA),1964,116,281
Coastal,North East,1964,116,281
Inland,Warren (PA),1953,119,281
Inland,Akron,2001,119,281
Coastal,North East,1953,119,281
Coastal,Erie Airport,2001,119,281
Coastal,Buffalo,2001,119,281
Coastal,Cleveland,2001,119,281
Inland,Warren (PA),2001,120,281
Inland,Jamestown,2001,120,281
Inland,Franklin,2001,120,281
Inland,Warsaw,2008,123,281
Inland,Warren (PA),2008,127,281
Inland,Warren (OH),2001,134,281
Inland,Warsaw,1971,135,281
Inland,Warsaw,2002,141,281
Inland,Titusville,2002,142,281
Inland,Jamestown,2002,142,281
Inland,Warren (OH),2002,143,281
Inland,Titusville,2001,151,281
Coastal,Buffalo,1954,99,280
Inland,Akron,1964,102,280
Inland,Franklin,1954,103,280
Coastal,Buffalo,1992,106,280
Coastal,Buffalo,1964,107,280
Inland,Warren (OH),2008,108,280
Inland,Akron,1980,108,280
Inland,Akron,1999,115,280
Coastal,Buffalo,1999,115,280
Inland,Warren (OH),1964,116,280
Inland,Warren (PA),1999,117,280
Inland,Warsaw,1999,118,280
Coastal,North East,2006,118,280
Inland,Warsaw,2001,119,280
Inland,Franklin,1999,121,280
Inland,Jamestown,2011,125,280
Inland,Warren (OH),1954,125,280
Inland,Akron,1954,125,280
Inland,Warren (OH),2004,126,280
Inland,Titusville,2004,127,280
Inland,Warren (PA),1968,128,280
Inland,Jamestown,1968,128,280
Inland,Franklin,1968,129,280
Inland,Franklin,1966,132,280
Inland,Titusville,1954,141,280
Inland,Warren (PA),1954,142,280
Coastal,North East,1967,143,280
Inland,Warren (PA),1992,146,280
Inland,Jamestown,1992,146,280
Inland,Warsaw,1954,147,280
Inland,Warren (OH),1992,150,280
Inland,Jamestown,1964,151,280
Inland,Titusville,1968,173,280
Coastal,Buffalo,1984,101,279
Coastal,Cleveland,1980,108,279
Inland,Warren (OH),1965,119,279
Inland,Akron,1958,120,279
Coastal,Erie Airport,1958,120,279
Inland,Warren (PA),1960,123,279
Inland,Warsaw,2004,126,279
Inland,Warren (OH),1973,126,279
Inland,Warren (OH),1968,128,279
Coastal,North East,1958,130,279
Coastal,Buffalo,1958,130,279
Inland,Titusville,1980,137,279
Inland,Jamestown,1980,137,279
Inland,Warren (OH),1980,137,279
Inland,Titusville,1996,151,279
Inland,Jamestown,2008,107,278
Inland,Franklin,1948,113,278
Coastal,North East,1948,113,278
Coastal,Buffalo,1965,115,278
Inland,Akron,1965,118,278
Inland,Jamestown,1965,119,278
Inland,Warren (PA),1952,124,278
Inland,Jamestown,1952,124,278
Inland,Akron,1952,124,278
Inland,Franklin,1952,125,278
Inland,Warsaw,1970,127,278
Inland,Jamestown,1989,128,278
Inland,Warren (PA),1987,129,278
Inland,Warren (PA),1948,130,278
Inland,Warren (PA),1965,134,278
Inland,Warsaw,1996,135,278
Inland,Warren (OH),1970,138,278
Inland,Warren (OH),1963,144,278
Inland,Warren (OH),1948,146,278
Inland,Jamestown,1988,147,278
Inland,Warren (OH),1988,147,278
Inland,Titusville,2008,150,278
Inland,Akron,1981,116,277
Coastal,North East,1974,128,277
Inland,Titusville,1987,133,277
Inland,Jamestown,1994,134,277
Inland,Warsaw,1987,134,277
Inland,Titusville,1984,138,277
Inland,Warren (OH),1994,148,277
Inland,Warren (PA),1961,150,277
Inland,Akron,1975,111,276
Coastal,Buffalo,2003,114,276
Inland,Warren (PA),2003,117,276
Inland,Jamestown,2003,117,276
Inland,Akron,1993,117,276
Inland,Titusville,2003,118,276
Inland,Warren (PA),1975,118,276
Inland,Franklin,1975,118,276
Inland,Warren (OH),2003,118,276
Inland,Akron,1974,127,276
Coastal,Cleveland,1974,127,276
Inland,Warren (OH),1975,128,276
Coastal,Erie Airport,1974,128,276
Coastal,Buffalo,1974,128,276
Inland,Warren (OH),1985,129,276
Inland,Warsaw,1985,130,276
Inland,Warsaw,1960,133,276
Inland,Warren (OH),1984,138,276
Inland,Titusville,1985,140,276
Inland,Warsaw,1994,147,276
Inland,Titusville,1994,148,276
Inland,Warren (PA),1966,152,276
Inland,Akron,2003,114,275
Coastal,Cleveland,1975,117,275
Inland,Titusville,1960,123,275
Inland,Jamestown,1960,123,275
Inland,Warren (OH),1960,123,275
Inland,Warsaw,2003,124,275
Inland,Warren (OH),1958,128,275
Inland,Titusville,2017,130,275
Inland,Warren (PA),1958,130,275
Inland,Franklin,1958,130,275
Inland,Warsaw,1997,138,275
Inland,Jamestown,1958,144,275
Inland,Warsaw,1958,146,275
Inland,Titusville,1958,147,275
Inland,Warsaw,1984,123,274
Coastal,Painesville,1974,126,274
Inland,Warren (OH),2017,130,274
Inland,Titusville,1993,150,274
Coastal,Buffalo,1991,102,273
Inland,Warsaw,2000,119,273
Inland,Warren (OH),2000,121,273
Inland,Jamestown,2000,122,273
Inland,Warren (PA),1951,134,273
Inland,Warren (OH),1951,134,273
Inland,Franklin,1951,135,273
Inland,Titusville,2000,137,273
Inland,Warsaw,1981,139,273
Inland,Warren (OH),1949,149,273
Inland,Jamestown,1978,123,272
Inland,Warren (PA),1978,125,272
Inland,Warren (OH),1978,129,272
Inland,Jamestown,1951,134,272
Inland,Jamestown,1969,147,272
Inland,Jamestown,1961,150,272
Inland,Warsaw,1961,150,272
Inland,Warren (OH),1961,150,272
Inland,Titusville,1978,166,272
Inland,Jamestown,1991,108,271
Inland,Titusville,1991,114,271
Inland,Franklin,1965,119,271
Coastal,Buffalo,1957,123,271
Inland,Warsaw,1991,124,271
Inland,Warren (OH),1952,124,271
Inland,Warsaw,1980,137,271
Inland,Warren (OH),1957,126,270
Inland,Warren (OH),1989,127,270
Inland,Titusville,1989,128,270
Inland,Franklin,1957,128,270
Inland,Warren (PA),1957,137,270
Inland,Jamestown,1957,137,270
Inland,Titusville,1969,147,270
Inland,Titusville,1965,155,270
Inland,Warsaw,1978,125,269
Inland,Warren (PA),1976,134,269
Inland,Warren (PA),1985,138,269
Inland,Jamestown,1948,145,269
Inland,Warsaw,1966,149,269
Inland,Titusville,1952,151,269
Inland,Warren (PA),1983,138,268
Inland,Warsaw,1976,140,268
Inland,Jamestown,1976,144,268
Inland,Franklin,1963,144,268
Inland,Warsaw,1992,146,268
Inland,Warren (OH),1971,148,268
Inland,Titusville,1971,149,268
Inland,Warren (PA),1949,149,268
Inland,Titusville,1992,150,268
Inland,Jamestown,1967,150,268
Inland,Warsaw,1967,151,268
Inland,Titusville,1949,159,268
Inland,Titusville,1983,160,268
Inland,Jamestown,1995,127,267
Inland,Jamestown,1974,128,267
Inland,Franklin,1974,130,267
Inland,Warren (PA),1974,131,267
Inland,Warren (OH),1993,141,267
Inland,Jamestown,1954,142,267
Coastal,Buffalo,1963,144,267
Inland,Warren (OH),1974,147,267
Inland,Warsaw,1983,160,267
Inland,Titusville,1972,163,267
Inland,Warsaw,1972,163,267
Inland,Titusville,1981,141,266
Inland,Jamestown,1963,144,266
Inland,Titusville,1948,147,266
Inland,Titusville,1974,148,266
Inland,Jamestown,1999,117,265
Inland,Warren (OH),1999,117,265
Inland,Titusville,1999,121,265
Inland,Warren (OH),1991,124,265
Inland,Akron,1956,145,265
Inland,Titusville,1997,147,265
Inland,Warsaw,1962,132,264
Inland,Jamestown,1973,137,264
Inland,Warren (PA),1979,137,263
Inland,Warsaw,1979,137,263
Inland,Warsaw,1993,137,263
Inland,Titusville,1979,138,263
Inland,Warsaw,1973,139,262
Inland,Titusville,1950,169,261
Inland,Jamestown,1986,124,260
Inland,Franklin,1959,129,260
Inland,Warren (OH),1959,129,260
Inland,Titusville,1959,136,260
Inland,Warren (PA),1959,136,260
Inland,Jamestown,1959,136,260
Inland,Warsaw,1959,137,260
Inland,Titusville,1953,149,260
Inland,Titusville,1961,150,260
Inland,Warren (OH),1950,128,259
Inland,Jamestown,1966,153,259
Inland,Titusville,1966,154,259
Inland,Warsaw,1953,124,258
Inland,Jamestown,1975,134,258
Inland,Warren (PA),1963,144,257
Inland,Warsaw,1963,145,257
Inland,Titusville,1964,157,257
Inland,Warsaw,1964,157,257
Inland,Titusville,1963,174,257
Inland,Jamestown,1955,138,256
Inland,Warsaw,1955,140,256
Inland,Titusville,1995,128,254
Inland,Warren (OH),1995,129,254
Inland,Titusville,1975,134,254
Inland,Titusville,1956,147,254
Inland,Warsaw,1956,147,254
Inland,Titusville,1967,152,254
Inland,Jamestown,2012,121,253
Inland,Warsaw,1957,137,252
Inland,Titusville,1957,149,252
Inland,Titusville,1951,134,251
Inland,Titusville,1955,141,251
Inland,Warsaw,1986,154,251
Inland,Jamestown,1962,124,250
Inland,Titusville,1962,132,249
Inland,Warsaw,1965,164,242
Inland,Warsaw,1982,124,241
Inland,Warren (OH),1982,125,241
Inland,Jamestown,1982,130,241
Inland,Titusville,1982,131,241
